term,doc_freq,mean_tfidf
patient,3722,0.01308499403850837
risk,2741,0.009883837727203556
group,1954,0.009660233424279985
disease,4659,0.00817017900448594
model,2977,0.008132915447890342
stroke,1104,0.008001206635930342
cancer,1050,0.007861746205238586
cognitive,1084,0.007774687840539445
treatment,2397,0.007606004068874171
outcome,2469,0.0074947173138709905
year,2112,0.007249940770593997
clinical,3513,0.007249654508181835
high,3083,0.007192356437836511
age,2265,0.00718987399803387
ipi,651,0.006942955643776678
level,1848,0.006772250969389184
association,1731,0.006741861778535925
effect,2300,0.006735883956186569
increase,2872,0.006647469020282336
case,1266,0.006626547595413073
control,1950,0.006574923401393189
mouse,760,0.00651653257769351
diabetes,1239,0.0064772076384588245
study,2165,0.006455674553754582
therapy,1698,0.006441613757414316
factor,2030,0.006430634240132046
brain,1234,0.0063133655115603935
target,1967,0.006038808532101076
health,1488,0.0059874015559140325
low,1917,0.005927279940853181
article,337,0.005873343436865783
include,4211,0.005856595198912408
function,1736,0.005839962872522234
score,1263,0.005838929025282344
mortality,904,0.0058293490128341
datum,2574,0.005762641634523717
participant,1366,0.005744700017105059
disorder,1599,0.005734983768416155
tumor,618,0.005715364896563714
care,1056,0.005698089833672413
hypertension,1074,0.005620009807013443
reduce,2178,0.005605025360518082
potential,2423,0.005513341878411635
intervention,1526,0.005511030080065751
mechanism,1715,0.005503023637941725
individual,1465,0.005501121043924482
review,1699,0.00549563186435954
cardiovascular,1056,0.005481215273134566
significant,2445,0.005470427548122399
therapeutic,1731,0.005448941806182579
test,1449,0.005442538060465176
compare,2143,0.005424179780781148
improve,2238,0.005371766362695445
among,1862,0.005329015444124355
early,1579,0.005287419653331147
rate,1421,0.005223255561069113
change,1380,0.005215834760654244
activity,1125,0.005203849801491847
identify,2095,0.005199299712009339
metabolic,831,0.005154317103560414
image,1024,0.005127126740611601
biomarker,983,0.005118506199241348
cohort,1462,0.005096395553496205
dementia,504,0.0050898619942685505
remain,3134,0.005081820142797669
signal,1052,0.005079083408020995
role,1585,0.005043124455881321
symptom,944,0.005034228274130951
across,1870,0.004952842774599247
system,1395,0.004919732979839023
strategy,1905,0.004912523152999967
can,1586,0.004887504472479194
trial,1081,0.004878391244879877
type,1205,0.0048642672550924795
finding,2669,0.004851180819618932
month,869,0.004842904847783445
present,1357,0.004830498471843236
result,1829,0.004802636149764171
functional,1092,0.004800133931600042
evidence,1617,0.0047932468650719665
day,814,0.004784135551921602
support,1861,0.004752103138396899
blood,957,0.004722170477451614
time,1213,0.0047179682006715665
reveal,1723,0.004710825967888644
adult,1155,0.004702113358980602
use,1137,0.004701759327473833
response,1055,0.004690992544014349
correct,94,0.004653896253577346
diagnosis,1041,0.004642676236177778
research,1312,0.004556245734025365
approach,1491,0.004550285618230947
alzheimers,1211,0.004532084503722526
survival,655,0.004509054104877452
management,1188,0.0044969729054093275
difference,1277,0.004495075581668461
woman,600,0.004474364146152892
parkinsons,1137,0.004441886930549658
complication,819,0.004436641557251782
demonstrate,1813,0.004429720613956821
molecular,915,0.004424727674650051
motor,584,0.004380302364856448
mitochondrial,411,0.004372202679489774
condition,1131,0.004324327479916123
progression,972,0.004320780657547974
index,931,0.004317620952388518
dysfunction,988,0.004313435797956006
highlight,1724,0.004310961286045749
analysis,1404,0.004299148323227365
primary,1376,0.0042961743900935805
ratio,1167,0.004285161273333055
sleep,288,0.00427499122462623
population,1217,0.0042572465186071955
chronic,1014,0.004250429489399157
follow,1486,0.004231084916472187
enhance,1304,0.004192541416968414
assessment,1319,0.004173515441338545
stress,709,0.004173280923541509
assess,1748,0.004167599245067353
tissue,745,0.00416516530143386
diagnostic,806,0.0041643388548449475
event,820,0.004125950691160829
genetic,596,0.0041248968752240645
live,594,0.004117021490820631
report,1060,0.004114557071371869
mean,1079,0.004111720807812308
aim,2153,0.004095689780207816
without,1169,0.004087061114468982
drug,636,0.004075886689874248
human,788,0.004056746994776892
feature,852,0.004052119227952425
lead,1250,0.00405064242199744
within,1251,0.00404561299110338
performance,940,0.0040355433144044625
cardiac,511,0.004027194970435003
limit,1562,0.003979547306518046
development,1065,0.0039786944771699065
baseline,861,0.003974957078538056
injury,641,0.003966388638667729
evaluate,1583,0.003955508741501307
two,1177,0.003953825044894967
undergo,1140,0.003951635051311499
show,1199,0.003946551094193346
immune,570,0.003936751290832893
key,1343,0.003933339509644086
provide,1376,0.003925937518312114
need,1406,0.003924509353795878
network,716,0.003920239257739635
develop,1142,0.003917446300800804
pressure,585,0.003912808796061087
cause,1056,0.003912470260577893
total,1332,0.003907526222285871
variant,315,0.003903527865559888
stage,645,0.0038941427403886234
interaction,811,0.0038908130565208808
observe,1364,0.0038852210520034323
regression,1244,0.0038852106131812203
inhibitor,612,0.0038845753793756693
screen,763,0.003847224133972011
quality,768,0.0038351010098452106
advance,980,0.003818879897654655
vascular,570,0.003817844071241203
week,579,0.003808771292122359
challenge,1109,0.0037745571725712975
heart,636,0.0037427602788573
syndrome,564,0.0037216537088270133
perform,1388,0.0037164682074566245
receptor,602,0.00371303948663822
pathway,930,0.0037093955853880114
understand,1084,0.003707706128646923
pain,301,0.0036917467913910366
value,884,0.00368144992625242
followup,955,0.003661494126390641
analyze,1331,0.0036612870818294465
acute,716,0.0036432305456946365
impairment,780,0.003630754567577524
tau,289,0.0036209100766656298
measure,1042,0.0036202126251918087
exhibit,1120,0.0036187084621652865
conduct,1608,0.0036135468554793796
infection,415,0.003613377287219172
base,1162,0.0036117260539869395
kidney,440,0.003611716432361476
process,889,0.00360726151893522
burden,735,0.0035861893560909085
suggest,1174,0.003560995956713027
receive,803,0.0035597781586504847
neurological,645,0.0035596900777062814
neurodegenerative,777,0.0035576653764668393
death,684,0.003551776333391715
old,650,0.0035434099165283163
neuron,428,0.003534962946848835
diabetic,379,0.0035226622662730637
integrate,1073,0.0035202769890592686
combine,870,0.003515329226854981
severe,650,0.003511488878180027
loss,708,0.0035088286420431668
activation,645,0.0035055950188690533
novel,900,0.003500775734828334
efficacy,849,0.0034965360694769873
decrease,847,0.003489394416451512
pathology,624,0.0034838445463757015
inflammatory,663,0.0034756939187869113
relationship,827,0.003454864200251492
common,1002,0.0034332747279589367
profile,866,0.003419312654644359
overall,1009,0.003413114870672648
elevate,838,0.0034115492438559275
emerge,1006,0.003408109533078799
link,996,0.003401468824531548
establish,999,0.0033973403479348814
marker,779,0.0033961072045877384
impact,943,0.003395379937973599
female,674,0.00338981381373017
due,1023,0.0033885219819989928
characterize,1060,0.0033791931896999285
sample,831,0.003378084023553044
neuronal,511,0.0033701765535319823
inflammation,608,0.0033560683562562955
promise,987,0.0033545270379901643
treat,791,0.0033492444913610377
current,966,0.0033416460368099615
pulmonary,325,0.00333762368739979
median,723,0.003336906495192935
surgery,461,0.0033363433645859698
male,756,0.0033321910404856005
multiple,972,0.0033281380070949787
muscle,254,0.0033187047613971055
prevalence,527,0.0033139904633673434
particularly,1119,0.0033101569066631676
one,887,0.003293878920974821
exposure,469,0.0032875337753538085
confirm,964,0.0032869701794140302
region,618,0.0032838215921261967
via,885,0.0032794840369585482
lipid,435,0.0032767401088016823
pattern,707,0.00327638703738684
contribute,951,0.0032661980471078624
achieve,855,0.0032542614745353095
ischemic,497,0.0032433837115482165
predict,694,0.00322779525391126
adverse,716,0.0032252415473620474
status,702,0.003221887886475309
plasma,382,0.0032194752006927748
decline,623,0.0032176299532348848
incidence,518,0.003215867033951494
complex,742,0.0032131698764521857
systemic,610,0.003212155688085424
glucose,366,0.0032102497157092
promote,697,0.0032087576473976472
longterm,734,0.0031927613169681745
sensitivity,597,0.003187664960335225
monitor,687,0.0031795603491705745
three,835,0.0031748283091743604
require,920,0.003174343222755534
artery,479,0.003169462088624801
induce,654,0.0031650411880122073
adjust,748,0.0031496450353325632
protein,401,0.0031392843307638976
major,894,0.003136958959681227
weight,517,0.003134064421976951
will,409,0.003131301504263734
explore,932,0.0031299067335927985
good,808,0.003127984503161494
life,635,0.0031184593558422893
framework,744,0.0031182152191140157
healthy,619,0.003114364041697061
child,243,0.0031035460514986075
respectively,769,0.0031031875089704477
train,466,0.0030990847120980405
although,981,0.0030972067915958305
new,682,0.003088852903960796
safety,619,0.003088315382331998
coronary,332,0.0030868648343795346
indicate,1002,0.003085024315984032
affect,809,0.0030849396943407104
correlation,589,0.003080718603531339
scale,678,0.003066674782136684
dynamic,561,0.003066269822146791
serum,383,0.003061083594799735
structure,647,0.0030572524471965483
characteristic,896,0.003055754713996596
involve,876,0.00305097280877457
improvement,674,0.0030487214995448125
volume,390,0.0030183160704237407
leave,453,0.0030178209478953625
effective,833,0.0030023175812181994
offer,884,0.0029983161940170854
central,774,0.002993004910776829
acid,432,0.0029902985153856545
renal,328,0.0029799427780544774
insulin,259,0.0029772521339283885
reduction,635,0.0029694730292807166
diagnose,636,0.0029645026696579657
relate,766,0.002955102083283039
severity,486,0.0029512809860456793
whether,840,0.002944296389116978
sex,618,0.0029397735103188207
body,618,0.0029360784970168825
detection,500,0.002933746703100377
define,828,0.0029324746922199923
design,758,0.0029291574528802575
evaluation,726,0.0029273627289504757
critical,811,0.0029249435376164936
examine,879,0.002921325253877672
cerebral,373,0.002917022612985973
estimate,715,0.0029135283691902113
independent,677,0.0029099604045138994
lesion,332,0.00290801202090327
hospital,629,0.0029037717406802015
rat,251,0.0028989998908028843
great,778,0.002893080211065174
influence,757,0.002883561069317919
large,778,0.002883253999443595
future,902,0.0028831390972749796
underlie,760,0.0028667641889731843
tdm,163,0.0028664993866645712
people,412,0.0028570421496129975
focus,808,0.0028553438683781227
compound,306,0.0028527184906422245
dose,361,0.0028517746606490364
surgical,395,0.0028511972699095923
benefit,725,0.0028466064749686584
experience,632,0.002840032934119879
metabolism,475,0.002837716564487065
tool,738,0.002837330249140093
first,736,0.0028372231052774914
rare,461,0.002837030575667432
despite,837,0.0028354889463438147
represent,807,0.0028345983877383803
oxidative,459,0.0028279606932553256
failure,529,0.0028214498913300737
mri,351,0.0028132282550941386
occur,688,0.0028026706354105932
often,782,0.002797525625181062
different,673,0.0027864020381739747
range,728,0.0027825430250065543
correlate,611,0.0027742478517973185
global,595,0.002773433683224993
sequence,468,0.002769574335568656
mutation,261,0.002750472066369326
validation,589,0.0027497578395821102
obesity,312,0.002747559192568532
yet,813,0.002746156630825243
depression,269,0.002746063943549987
state,562,0.0027411075837716434
learn,485,0.0027288833547005967
resistance,379,0.002725029416874542
medical,594,0.002719370830534718
area,649,0.0027183273718116717
whereas,777,0.002712246244262079
address,731,0.002708475460715337
delivery,372,0.002702943769300701
damage,457,0.0026917139908611758
investigate,744,0.0026897706951609294
cellular,466,0.0026838245561461144
secondary,692,0.002681241666855455
structural,489,0.002677989610724018
postoperative,318,0.0026617479703510863
enable,634,0.002654105050261839
pathological,529,0.002651954216816749
phenotype,469,0.0026491253889667785
poor,531,0.0026348413593198995
regulate,500,0.002633032731695871
impair,603,0.0026327834848332153
parameter,519,0.0026286264067685917
barrier,488,0.0026249962130590054
bind,320,0.002620034840802054
stimulation,313,0.002617107678502713
recent,617,0.0026078855281002782
auc,356,0.0026061621266521076
memory,346,0.002603477429740353
specific,660,0.002600352342246024
essential,670,0.0025963171350455345
cvd,134,0.002587255686545002
retrospective,815,0.0025771938069146256
duration,465,0.0025756843997808893
have,265,0.002570709069346351
medication,380,0.0025666376208367753
detect,529,0.002560268850794128
normal,456,0.0025602050762379208
validate,673,0.0025592193738872508
breast,183,0.002553311827046601
predictor,493,0.00254592147906015
practice,540,0.0025452573825116708
mass,488,0.0025331635904769175
drive,595,0.002531564179596761
determine,695,0.0025307475537081885
application,522,0.002529103853644826
inhibit,391,0.0025189404021513672
strong,666,0.0025136105278359398
per,457,0.0025020538694615567
accuracy,440,0.0024984776651081546
history,413,0.00249487128943421
odd,462,0.0024945436790775083
comorbidity,384,0.002493480993981028
distinct,557,0.0024918117075948217
aortic,165,0.0024840172510833727
unclear,694,0.0024787806402119094
prognostic,364,0.0024732279267460295
neuroinflammation,368,0.0024653627767518365
complete,595,0.0024636821396878564
csf,155,0.002452337808363257
positive,539,0.002448904839145143
longitudinal,497,0.002448808594096146
exercise,204,0.0024461390080010846
oral,315,0.0024446331114646256
describe,497,0.0024421337717001326
interval,604,0.002436783305406462
modulate,516,0.002430736405672411
program,389,0.002428418311843243
propose,493,0.002426433962961728
consider,590,0.0024230121735646475
amyloid,249,0.0024205214014564173
insight,605,0.0024169626280255954
lung,253,0.00241570162088109
pregnancy,194,0.0024137906999503835
alteration,461,0.0024130130882040663
allcause,271,0.0024064137645473504
ferroptosis,112,0.0024008249171743852
standard,549,0.0023998870556961394
method,524,0.0023982960302400174
physical,391,0.0023804698722311745
systematic,556,0.0023793142935738852
comprehensive,636,0.0023709428618914675
component,472,0.0023709096753793926
combination,381,0.0023688380299850286
myocardial,356,0.002367339019567629
family,308,0.002366745193246362
phase,379,0.002362158178596517
hazard,422,0.002356656001125086
predictive,419,0.002346708922113422
protocol,404,0.0023400988777771965
logistic,611,0.0023400086924041785
importance,547,0.0023369218143579856
recovery,373,0.0023362805833606975
work,465,0.002334907642377186
negative,463,0.002334690035549333
randomize,509,0.002327070634754287
technique,411,0.0023231011713133005
consistent,594,0.0023227746652301788
clinically,561,0.002322581563162187
various,494,0.0023150940826731797
peripheral,336,0.0023123168724198976
prediction,366,0.002310484689989377
variable,520,0.002307278768492702
four,554,0.002287734841976097
balance,351,0.0022856155071459858
subgroup,463,0.0022836797530898026
progressive,532,0.002282551117905734
ckd,108,0.0022797867561943023
curve,424,0.002279705669967293
social,270,0.0022730674203703927
growth,363,0.002272885500580673
dataset,353,0.002268016513036425
biological,438,0.002265877087996224
rehabilitation,245,0.002261891231037534
man,330,0.002253303541314992
mechanistic,478,0.0022478969515139667
versus,408,0.0022451597001025944
underscore,606,0.002244778657141145
agent,398,0.002242805741829537
criterion,539,0.00223861229313178
furthermore,550,0.002238355473309682
subtype,273,0.0022329354109592633
apply,582,0.002225385862697961
axis,348,0.0022197499092299197
lack,535,0.0022119773568780505
information,443,0.0022100292906390502
record,556,0.0022095132832024972
domain,350,0.0022091305986194154
yearold,380,0.0022090325831149193
antibody,221,0.0022061230576163027
regulation,448,0.0022039867140106295
play,509,0.0022011253695912564
αsyn,70,0.0022000200710027193
database,589,0.002193945854553578
numb,441,0.002191779269071936
pathogenesis,416,0.0021892881970298813
form,424,0.002182976940325001
important,503,0.0021745896833867584
concentration,297,0.002172079394029207
set,424,0.0021719844322482503
accumulation,358,0.0021694051533394337
size,438,0.0021686183378099837
behavior,319,0.0021683488873703947
dna,211,0.0021612626205694766
dopaminergic,263,0.0021583662039057643
period,468,0.0021578475303173717
cost,215,0.002157233879734783
small,498,0.002154261405958312
similar,497,0.0021501428249669934
independently,506,0.0021468759098927036
available,553,0.0021452795868760846
diet,212,0.0021440961534624887
crosssectional,568,0.0021409629507508445
confidence,519,0.002139809979483527
synaptic,234,0.0021374068483491653
neural,353,0.0021351333505590622
center,446,0.002134283809763203
membrane,237,0.002133405694187874
guideline,420,0.002128764130047562
prior,447,0.0021268927605668344
late,361,0.0021192824528367894
apoptosis,247,0.002117487858403163
multivariable,492,0.0021168405194035237
regulatory,356,0.0021101209303493237
several,476,0.002100618641161926
gait,142,0.0020969725368986387
thereby,445,0.00209531044578309
endothelial,243,0.0020926389319524882
search,553,0.002090242499236341
aor,109,0.002086985418952557
select,492,0.002085201633095367
serve,503,0.00208264506477139
direct,452,0.0020821792840079855
deficit,355,0.002077567458984699
discuss,401,0.00207632812844331
know,425,0.002073916485400252
mediate,343,0.0020698085289849047
heterogeneity,449,0.0020687347646573427
right,284,0.0020659092751543645
prevent,396,0.0020655792102410213
bmi,253,0.0020634821816507003
delay,359,0.0020606721884104365
point,388,0.002058714425463439
knowledge,312,0.0020576285239709627
fluid,308,0.002055107354667233
long,405,0.0020535652592714635
healthcare,344,0.002052563893486044
prospective,571,0.0020520252961113484
mild,385,0.0020491212561216943
ventricular,250,0.0020415421142751487
gut,159,0.002035285961265375
site,315,0.0020346122672834778
little,464,0.0020294263746190758
formation,265,0.0020115008211659233
neurodegeneration,325,0.0020088246617731543
prevention,403,0.0020070770731962432
collect,553,0.0020063834423286343
literature,473,0.0020031305639838593
dietary,198,0.0020006238828986817
measurement,342,0.0019834756418940867
relevant,497,0.0019802411195284104
mellitus,424,0.001977406724685056
suppress,359,0.0019675000097846827
access,306,0.0019628464265657682
movement,238,0.0019623009574602623
reflect,503,0.0019613148316123034
additionally,502,0.001959172639935323
caregiver,105,0.001958154667344211
ini,186,0.001956297746315911
national,431,0.0019558756188244987
macrophage,147,0.001948859461884527
conventional,380,0.0019447599436818361
candidate,342,0.0019441606374111286
anxiety,190,0.0019434162028928548
onset,327,0.0019407237695328837
neuroprotective,283,0.0019397780732939949
match,306,0.001937661673534501
recurrence,199,0.0019285072644191395
generate,385,0.0019284776060721357
specificity,292,0.0019257937675913773
trend,357,0.001925412257827195
extract,333,0.0019218043665962456
homeostasis,337,0.001913975620122475
deep,363,0.0019139271709524962
bleed,165,0.0019101558015301853
active,312,0.0019085964677089786
prognosis,318,0.0019076193987741577
fibrosis,167,0.0019075487627290152
moderate,381,0.0019059392795591878
exist,444,0.0019057869442238352
stability,325,0.001905279086498885
young,287,0.0019016434422118162
therefore,427,0.0018969330926242114
alter,369,0.0018909674219602407
property,324,0.0018728972834125882
magnetic,368,0.001872285307472766
release,267,0.0018719285585620255
maintain,397,0.0018662045349299883
modify,370,0.001864607710917721
addition,408,0.0018643808097354604
administration,303,0.0018614231219758325
cox,417,0.0018613652282684517
arterial,249,0.0018583765069093935
investigation,389,0.0018564825982999712
nervous,364,0.0018514114217567414
visual,226,0.0018500179836650167
presence,348,0.0018488837528168433
cluster,226,0.0018486220031998712
guide,392,0.0018485891867033105
ability,381,0.001845603523581346
employ,453,0.0018447981001068297
make,363,0.0018406468717151747
five,396,0.0018382150533094567
single,384,0.0018340933644760936
map,277,0.0018307449107745812
spatial,231,0.0018284682552877126
classification,316,0.0018274861656117061
peptide,218,0.001825917688199283
behavioral,302,0.0018256335738941001
procedure,277,0.0018236899895927084
potentially,417,0.0018224687109973808
activate,298,0.001820292150925623
frequently,432,0.0018179324672625535
share,299,0.0018167811860220512
subject,301,0.0018162219296530158
metabolite,170,0.001815430598855853
maternal,148,0.0018153077954341191
restore,325,0.0018151677503333487
pediatric,161,0.00181287727731755
device,194,0.0018118312946395366
frequency,292,0.0018116670911294008
hypertensive,210,0.0018109429870285048
bone,135,0.0018083734442461393
daily,321,0.0018072623162965048
isolate,222,0.0018058252175596923
hbac,146,0.0018049339182594814
preserve,379,0.0018025206310709131
examination,345,0.001801525003264175
relative,331,0.0018006673122239662
kinase,222,0.0017986064892168325
ptau,96,0.0017941421791294679
experimental,347,0.0017931714632806628
iron,94,0.0017927788585514542
platform,308,0.0017909212645367278
context,405,0.0017907271553890829
express,302,0.0017906976335382177
aggregation,222,0.0017893030705829981
highrisk,300,0.0017880441971869897
highly,370,0.001786469091620862
derive,395,0.001783083022260359
repair,192,0.0017772840303727118
robust,422,0.001776158357456875
preclinical,325,0.0017708748748904853
pharmacological,311,0.0017641112608464216
alone,304,0.001759297842026802
linear,395,0.001758503512281816
mitigate,386,0.001757820657498501
disability,233,0.001756533484411715
infarction,312,0.001756185650229328
atrial,203,0.0017541751870744885
identification,352,0.0017535219066880138
survey,302,0.0017530175109857287
involvement,306,0.0017506322707230898
short,303,0.0017484914829364174
contrast,377,0.001747818502957197
especially,393,0.0017469281510419127
medicine,333,0.0017464114282651174
give,399,0.0017457788599426326
additional,393,0.001743961200223281
quantify,398,0.0017425746908805002
animal,256,0.0017423604260045262
regard,404,0.0017422679272869645
core,292,0.0017415111972269152
many,329,0.001740496474204675
likely,348,0.0017404833951638278
attenuate,331,0.0017396928833236724
covid,98,0.0017390011344122016
remodel,273,0.0017373296613979721
enzyme,234,0.0017362616225516856
field,284,0.0017349831568716895
plaque,159,0.001733966783795976
eye,123,0.0017305789471148824
enroll,433,0.0017305649758236868
grade,264,0.0017293476878953175
facilitate,378,0.001720392183657152
previously,340,0.0017145381117919809
inform,428,0.0017144821634799726
trajectory,218,0.001712016008292265
standardize,400,0.0017106052858427132
beyond,383,0.0017091874533753078
substantial,425,0.0017088302391338058
synthesize,369,0.001707975320192298
wind,104,0.0017072808656304205
crucial,364,0.0017070674448033953
metastasis,145,0.0017015933438682199
limitation,380,0.0017008307605808283
technology,259,0.0016967677935682162
toward,340,0.0016962903265224415
mci,107,0.001694284322181484
gap,355,0.001694278651087384
favorable,309,0.0016932176493165182
notably,389,0.0016909310662655403
poorly,366,0.001689739719346784
nerve,161,0.0016882315039714558
effectively,363,0.001687606452955389
stratification,400,0.0016863633415840954
cycle,209,0.0016858173318407505
presentation,271,0.0016853277738505873
statistically,354,0.0016847105374061383
proliferation,198,0.001682845748982741
optimize,372,0.001682078546718395
differ,370,0.0016794906992768574
primarily,398,0.001678366453989785
optimal,339,0.0016751326002486873
summarize,355,0.0016748819204712483
metaanalysis,255,0.0016723905579137078
hospitalization,179,0.0016697356495689634
flow,247,0.0016692947165276337
stable,289,0.0016680440274860356
admission,186,0.001667891188797546
objective,329,0.0016660306724353155
machine,262,0.001658683753124809
endpoint,241,0.0016576536045858922
traditional,346,0.001657346049000534
integration,343,0.0016558676038033726
occlusion,181,0.0016553386906583045
initial,318,0.0016537716442695742
pathogenic,233,0.0016531245269680165
attention,293,0.0016482298191157025
task,207,0.001648181881951433
resonance,332,0.0016467651509748777
comparison,356,0.0016454764378251148
line,190,0.0016450450799557752
assay,268,0.0016446230473611309
spinal,155,0.001639862629655556
species,258,0.0016358436826782758
education,275,0.001634987230617172
precision,333,0.0016333697021424366
questionnaire,294,0.0016300912477571648
plan,260,0.0016286764060765117
adherence,182,0.0016265887889200038
αsynuclein,159,0.0016265131193549905
quantitative,326,0.0016252544122599424
discharge,208,0.0016249381716452397
modification,245,0.0016210198497745262
protective,268,0.0016178858320589108
implicate,327,0.001617704435969465
temporal,257,0.0016176849184752836
noninvasive,271,0.0016163366761659506
intracranial,172,0.0016154974459576844
recognition,262,0.001613467799526955
physiological,285,0.0016128944306131455
yield,351,0.001612032630987167
cortical,201,0.0016104616628901988
stem,200,0.0016089248162326935
cognition,217,0.0016087695662769894
shift,302,0.001606590928957763
systematically,376,0.001604259807078121
respiratory,180,0.0016030386990287448
morbidity,287,0.0015957488581996335
extracellular,245,0.0015956361865492377
sustain,289,0.0015944602124366828
selection,303,0.0015919198668808408
white,253,0.0015917641457829275
setting,339,0.0015898271563549251
public,305,0.0015884431856206813
together,319,0.0015883690636692273
routine,317,0.0015878704324406871
retinal,91,0.001587655708246799
emphasize,343,0.0015857589834517567
obtain,348,0.0015846383337508516
reference,265,0.0015834806567430525
modulation,296,0.0015833614210928704
composite,235,0.0015822832958144845
elucidate,320,0.0015785635296242627
microglial,149,0.0015756224210113823
observational,389,0.0015748524931695025
six,309,0.0015745355755108052
microbiota,121,0.0015707246668874332
accord,367,0.0015694722659493857
cortex,224,0.0015694041896833187
hear,63,0.0015689916378491815
experiment,234,0.0015687818236299325
increasingly,348,0.0015680529571856813
toxicity,222,0.001565513231813015
help,351,0.0015652846316957124
hepatic,145,0.0015607356229040035
class,221,0.0015585066902925398
clinician,245,0.0015571611943113455
incident,176,0.0015567570954334385
microglia,138,0.0015556890410818914
astrocyte,116,0.001554038700368279
valve,100,0.0015536543260808828
capture,323,0.0015528560156491682
mace,75,0.0015525668431386973
threshold,274,0.001552321080599517
country,219,0.0015515824274994101
pool,241,0.0015504472391535136
signature,217,0.0015500541924676776
abnormality,258,0.0015484539033014783
pet,102,0.0015481462195343428
option,283,0.0015468231241620462
hour,211,0.00154605957747158
calculate,368,0.0015456877292800166
manage,295,0.0015435637002130492
dysregulation,279,0.0015431041333223985
tomography,256,0.0015430602479589725
alleviate,262,0.0015370511186296677
fast,253,0.001536548683518453
energy,184,0.0015355182206028917
january,368,0.0015351699884416311
variability,272,0.0015349935195587937
intake,128,0.0015320011790857437
lifestyle,217,0.0015295712810744373
classify,325,0.0015285674023165152
stratify,353,0.001525379660984676
implementation,250,0.001525110074245907
utility,306,0.0015233347956984163
communication,222,0.0015230623693017777
persistent,291,0.0015225011794549733
diverse,320,0.0015206063109799758
autophagy,104,0.0015181424498421786
either,347,0.0015173674157474436
recurrent,190,0.0015150626097971578
realworld,264,0.0015150499235185013
rather,344,0.0015144116448202584
vary,351,0.0015142274791381236
cholesterol,166,0.0015126385621706262
frailty,70,0.001511763638061483
meet,319,0.0015101834164141827
carcinoma,193,0.001509801623079833
distribution,264,0.0015092134426093445
disrupt,278,0.0015087662736311973
accelerate,273,0.0015055581122154474
alternative,289,0.00150049894698279
continuous,275,0.0014998413909714378
along,314,0.0014994696734973306
publish,310,0.0014991766164007458
recognize,304,0.0014969315828891158
like,250,0.0014963981850592107
emergency,175,0.0014921180007999707
concern,319,0.0014920820356282697
incorporate,352,0.0014896133889790678
mental,161,0.0014885895669414506
prevalent,305,0.0014881756284355857
general,283,0.0014877574714694194
hippocampal,151,0.0014867350972148162
demographic,329,0.0014864119337425117
less,340,0.001484019310766172
action,231,0.001483807154648665
average,277,0.0014837987265748853
even,294,0.0014827288673457063
utilize,311,0.0014817404332219662
rapid,264,0.0014804242463347615
production,224,0.0014800392290504748
antioxidant,204,0.001471665756916374
previous,276,0.0014706947533987705
bilateral,164,0.0014704044409190901
superior,296,0.0014701570463527445
biopsy,142,0.0014693925383219536
environmental,216,0.0014660176959299697
regulator,257,0.0014635818016922961
vitamin,94,0.0014630044330854362
capacity,267,0.0014623883117909934
multivariate,271,0.0014623516842773858
smoke,196,0.0014595876573553546
deficiency,178,0.001453104664205516
pancreatic,116,0.0014510027263452947
cytokine,232,0.0014496718921233774
vessel,168,0.0014488306344997578
preoperative,166,0.0014487796541448091
metric,231,0.0014485124016734691
unique,275,0.0014475852439044838
local,226,0.0014471182372835603
carotid,102,0.0014464502509311885
cns,133,0.0014461418997651582
service,198,0.0014442015517515947
calcium,131,0.0014430826571680824
adjustment,282,0.001441886971026188
transition,209,0.0014414624175906699
warrant,341,0.0014411772884159923
moreover,288,0.0014380413204311071
recommendation,206,0.001435829599248514
selective,226,0.0014352420236728649
mechanical,167,0.0014333913061797445
international,282,0.0014331820617059245
comparable,280,0.0014305461563430192
repeat,200,0.0014303385423097457
strength,184,0.0014295148308897914
natural,213,0.00142917734363162
proportion,267,0.0014280576442403747
construct,265,0.0014242939335285104
bias,227,0.0014231775466419844
account,308,0.0014227401346241654
hemorrhage,179,0.0014222484271275042
chemotherapy,150,0.0014216355348234974
language,147,0.0014209695840929257
bbb,98,0.0014204506614778863
relevance,316,0.001420371301748247
variation,227,0.0014173902012529639
specifically,292,0.0014172556089942284
community,189,0.001415936441651186
driver,232,0.001415818012208516
approximately,284,0.0014122358377112623
multimodal,204,0.0014111483220718222
disruption,241,0.0014111414919111666
fatigue,106,0.0014074630025783488
causal,182,0.0014073994916400999
abnormal,196,0.0014032075775393736
microenvironment,206,0.0014013431346414451
iqr,169,0.001399947297701012
elderly,162,0.0013990461004929865
appear,301,0.0013947971522824646
source,240,0.0013908630254263112
oxygen,222,0.0013892557340157716
effectiveness,269,0.0013890084644960984
decision,258,0.0013876771229412077
seizure,82,0.0013865231512952322
subsequent,254,0.0013863206727023386
symptomatic,212,0.0013861671656564658
multidisciplinary,227,0.0013846162402284161
progress,274,0.001383601591548319
widely,303,0.001383580130727846
venous,124,0.001382818741781362
clearance,163,0.0013816304329975287
significance,292,0.0013805949302982397
accurate,264,0.0013797979810247518
algorithm,203,0.0013759319631120744
perspective,249,0.0013745455473272606
antiinflammatory,210,0.0013728519517725497
differential,230,0.0013704622617164057
unit,228,0.0013687230619274962
malignancy,175,0.0013680831562296089
visit,164,0.001367723912132309
translational,254,0.0013662891419989043
composition,217,0.0013660208739260193
stenosis,131,0.0013654881912209035
grow,276,0.0013642814867632948
differentiation,179,0.0013631920247331956
biochemical,210,0.0013619502700939292
main,251,0.001360927811678273
phosphorylation,138,0.001360527460034874
culture,155,0.001359793578366717
initiation,186,0.0013588662725268206
degeneration,198,0.0013576862196602259
invasive,212,0.0013570748960921566
allow,240,0.0013561254032959892
science,310,0.001355670560129798
thus,238,0.0013537743436733208
pubmed,369,0.0013531619832259456
produce,250,0.0013530030595620278
western,232,0.0013527539417851626
commonly,277,0.001350691203237744
enrichment,211,0.0013499068610523521
part,213,0.0013492119849152302
possible,235,0.0013468279404580301
eeg,69,0.0013462050519975888
prolong,229,0.0013364392532369154
become,251,0.0013334105381769409
continue,267,0.0013327522277837645
food,121,0.0013318685181837424
water,118,0.0013306719631571247
broad,277,0.001328227797056305
placebo,109,0.0013266941724745566
laboratory,253,0.001324409367270612
position,187,0.0013242484189031811
safe,241,0.0013212188775436904
clinic,167,0.0013206430114977065
integrity,226,0.0013204692795461008
fat,113,0.0013204564539598088
immunotherapy,135,0.0013201141363326629
surface,170,0.0013198262299046173
survivor,118,0.0013181989170966307
spectrum,212,0.0013169815135965401
fracture,76,0.0013165011116870956
fraction,207,0.0013160421266384848
systolic,201,0.0013127743814369168
manifestation,198,0.0013123939340908425
sclerosis,218,0.001311348216448015
thrombosis,120,0.0013097439522495836
agonist,149,0.0013091223652905088
metastatic,113,0.0013090362825257803
count,163,0.0013088766786236343
consistently,289,0.001308500032643983
recommend,228,0.0013084911402623
mark,264,0.0013074383063547677
limb,142,0.0013064624368076664
atrophy,156,0.0013063520675476068
personalize,256,0.001305410996395003
aggregate,138,0.0013051118698839408
precise,238,0.0013015871437053127
vulnerability,208,0.0013014026403905447
nuclear,149,0.0013013391624823892
absence,225,0.0013013342760572306
course,206,0.0013007319074203464
compute,216,0.001300394208331164
ultrasound,130,0.001295756105116992
dock,141,0.0012941517909581136
dopamine,124,0.0012939464113292788
finally,263,0.0012938564545675107
content,188,0.0012919070326587326
fibril,67,0.0012918137891170136
directly,239,0.0012872406016462108
fully,254,0.0012853171059975638
feasibility,204,0.001283722868575001
inhospital,113,0.0012832435843343057
organ,179,0.001282537889203769
statistical,279,0.0012803520830391394
mmhg,113,0.0012800476075425782
apoe,69,0.0012795520280146472
markedly,247,0.0012781538009879719
skin,127,0.0012780138561913326
digital,155,0.001277382439831304
overlap,215,0.001276797630932877
material,202,0.0012743501136807706
exclude,280,0.0012737002534478333
molecule,190,0.0012728981334730117
cardiometabolic,150,0.001272496356698832
collectively,242,0.0012723396228889934
regimen,167,0.0012694451903837282
glycemic,144,0.001268640641870636
implication,263,0.001268470384655304
fold,164,0.001268091914512219
term,256,0.0012677514258858226
detail,233,0.0012648767995504908
multicenter,274,0.0012648480712350437
open,181,0.0012623688006521208
indicator,228,0.001261526838570837
autoimmune,143,0.0012614106213210004
trigger,204,0.0012601314015615419
conclusion,283,0.0012589367404545653
sign,147,0.0012579416722045254
matter,161,0.0012565938276644895
bad,180,0.0012560917812997684
reverse,202,0.0012535503650345607
resection,124,0.0012534738128651816
injection,154,0.0012531469513385241
distinguish,206,0.0012518898891967396
regional,173,0.00125177165954717
dual,180,0.0012515391769354952
supsup,92,0.0012490630874101153
exert,232,0.0012485393481373678
synthesis,221,0.001247522978973638
act,218,0.0012459840525991027
practical,237,0.0012446324904360768
andor,208,0.001243666447801906
comprise,289,0.0012431773818825085
basis,223,0.0012375654056408663
expand,233,0.0012369927415015595
stain,172,0.001236079844922263
carry,226,0.0012356481080835098
frequent,240,0.001228006529750783
aneurysm,75,0.0012270890430819146
resource,197,0.0012254351680212202
modality,199,0.0012246421429780207
plus,147,0.0012244111784884576
genotype,97,0.0012220677277126652
urinary,105,0.0012220486773238867
epilepsy,101,0.001220743876690734
gain,214,0.0012196968589934362
neuroimaging,187,0.001216949001312626
exploratory,225,0.001215878521863224
couple,158,0.001215422678110804
initiate,202,0.0012144192739074137
analyse,240,0.0012138713074285302
autonomic,104,0.0012124256886681388
atherosclerosis,133,0.001211673798138981
density,160,0.001210741289278643
december,275,0.0012099899536271983
introduce,208,0.0012094152223790374
walk,101,0.0012086302565062978
inclusion,270,0.0012072257830065256
china,203,0.0012063983488382988
fatty,140,0.0012062057967431796
end,176,0.0012043246444185909
cord,127,0.0012019802886554893
carrier,124,0.0012012619825050317
connectivity,114,0.0012012352248951415
rise,222,0.0012000627394758887
discovery,185,0.0011996299619949466
singlecell,139,0.001199439540956792
chinese,181,0.0011992837149960233
extend,221,0.0011992461818633418
headache,80,0.0011991172782303242
largely,259,0.0011986989312293243
accompany,232,0.0011984153286715015
reaction,164,0.001197583877913707
translation,218,0.001196893375851538
transcriptomic,185,0.0011965331336017734
fibrillation,174,0.0011954509578835388
subsequently,229,0.0011914502507709194
min,160,0.0011913337889459929
cerebrospinal,190,0.0011910942027823451
matrix,176,0.0011908093546517812
issue,208,0.001190109738877981
nanoparticle,108,0.0011898744184254124
egfr,88,0.0011888396201229791
iii,184,0.0011888113814001286
deposition,165,0.0011881717038474883
interview,157,0.0011879451921123804
still,226,0.0011873328553534753
individualize,241,0.001186616775039394
heterogeneous,236,0.0011862304695290763
contain,218,0.0011859113603898805
engineer,136,0.0011853810272408765
strain,101,0.0011850101582890783
valuable,206,0.0011835197567897102
strongly,258,0.001180292090227442
successful,162,0.0011794455866001008
length,183,0.0011782072570156782
recently,200,0.001177999535434702
decisionmaking,182,0.0011770498422170067
heal,87,0.0011770138810571656
reactive,189,0.0011752751755749224
currently,216,0.0011729979974715147
positively,211,0.001170507918138889
operate,271,0.0011696820438407843
cerebrovascular,154,0.0011692448193906188
simulation,147,0.0011661857841192135
clarify,245,0.0011654140319960174
fall,127,0.0011621776596894436
nucleus,126,0.0011619851186258868
ais,63,0.0011618945916537645
appropriate,207,0.0011615811810089028
reliable,220,0.001161238181316985
external,193,0.0011607938463631207
poststroke,143,0.0011601765271882338
worldwide,227,0.0011584736294942416
uptake,130,0.0011584196381398844
contribution,216,0.001158260586678422
viral,106,0.0011580335590951811
donor,79,0.0011568168675995338
interest,192,0.001154707505274835
roc,185,0.001153908255657217
perioperative,128,0.001152575964496281
transplantation,132,0.0011525574936757444
abdominal,113,0.0011523660886209482
power,155,0.0011522144274224524
graft,113,0.0011513796584069894
epigenetic,111,0.0011495229702648466
slow,173,0.0011492571304476062
proinflammatory,187,0.001148839204907479
alcohol,105,0.0011480746168588262
user,109,0.0011462159608669148
restrict,206,0.0011397697351669149
transcriptional,134,0.0011393376557584435
exacerbate,191,0.0011391273249244096
pathophysiology,197,0.0011381622587562884
predominantly,222,0.0011376967269168005
degradation,143,0.0011358477213271093
anterior,129,0.0011356787018199708
load,131,0.0011342525959554817
registry,206,0.0011333746497475905
antigen,113,0.0011319039527291806
microbial,107,0.0011318620541930014
nct,236,0.0011304849149153641
deliver,193,0.0011302437549944552
gastrointestinal,146,0.001129935401741544
psychological,121,0.001129894256872371
publication,127,0.0011293726805826137
display,155,0.0011289592505637103
efficiency,170,0.0011286527291766188
unknown,185,0.001128516090631803
tailor,216,0.0011284304710930345
nurse,88,0.0011280453900164454
though,222,0.001126588471110479
block,140,0.0011238824820372472
psychiatric,117,0.0011235300453150596
tumour,68,0.0011227814858322893
version,208,0.0011223116514518282
code,182,0.0011219026468270985
perceive,147,0.0011207708927395816
disturbance,182,0.0011199121103721021
neuropathy,109,0.0011196780389150522
fail,198,0.0011182545440249908
susceptibility,164,0.0011179775714405505
clear,199,0.0011176569972057694
extensive,180,0.001117542019275796
web,259,0.0011147053765584816
angiography,156,0.0011145615531626678
surveillance,167,0.0011140158112706718
complicate,181,0.0011135148567444314
proportional,234,0.0011125437520651204
upper,124,0.0011121525221478145
internal,169,0.0011116953055146806
node,125,0.0011110980106440419
step,141,0.0011109206999924707
biology,153,0.001110520793783221
worsen,186,0.0011104899587924268
reliability,111,0.0011097757845128146
resolution,138,0.0011087019116174388
administer,198,0.0011081753328574574
narrative,214,0.0011078385247467724
peak,132,0.001107702472907647
birth,108,0.0011076482712336407
inhibitory,126,0.0011055027398935821
intestinal,89,0.0011053561604520718
vesicle,120,0.001102787280189671
product,148,0.001101661922628637
contributor,207,0.0011010504746073698
beta,111,0.0011006058389152157
determinant,199,0.0011001409092980185
shortterm,162,0.001100003342948037
ablation,71,0.0010994050487037892
channel,113,0.0010989573399845234
preeclampsia,65,0.001098271353246381
timely,204,0.0010963137175286628
author,122,0.0010951287282017677
bloodbrain,187,0.0010949563121912577
particular,196,0.0010940464155617272
critically,190,0.001093543458799679
nlrp,69,0.001091118365182938
hallmark,143,0.001089431772635626
alongside,218,0.0010884560218366037
mix,174,0.0010877977416265394
professional,130,0.00108769003917949
observation,164,0.001087064929882285
transient,184,0.0010867788788565843
agerelated,147,0.0010867532401892428
infarct,107,0.0010865191703840116
circuit,120,0.0010846393564481552
hemodynamic,132,0.0010824302066845966
arrhythmia,103,0.0010823210038368102
glial,138,0.001081497011643932
gestational,124,0.001080905363455467
reach,203,0.0010808466673547415
nutritional,114,0.001079634492881994
platelet,79,0.0010783367414431394
protection,155,0.0010773648804849423
complexity,184,0.001074602611920708
find,182,0.0010741536949843227
enrich,172,0.0010728374585124154
hormone,112,0.0010727155342547374
nonmotor,141,0.0010719143479927962
computational,138,0.0010700941668708116
foot,83,0.001069668760753838
genomic,129,0.001068359356402035
subset,161,0.0010677507568961461
differentiate,159,0.0010675281140386484
partial,171,0.0010668744658458818
mediator,186,0.001066351580135568
disparity,138,0.0010663326336485506
ligand,106,0.0010652442656931074
paper,135,0.0010650930030674177
neonatal,98,0.0010643436574817769
implement,183,0.0010642743767557332
scan,140,0.0010641864907645058
retrospectively,217,0.0010638580019460893
side,145,0.0010634209276195337
university,218,0.0010621017971639798
ros,117,0.0010600188316481477
shape,178,0.0010594284714516215
policy,137,0.0010579787618549517
typically,174,0.0010569326730563015
malignant,110,0.001055669685930895
series,146,0.0010544906581510592
plasticity,128,0.0010542458252707594
face,186,0.0010540452646828015
intracellular,146,0.0010531133835964743
genome,101,0.0010524910214704919
light,154,0.0010514104493186062
microvascular,107,0.0010495876026690248
create,185,0.0010494357236489097
tremor,77,0.0010477022521120552
opportunity,172,0.0010462369950950386
lysosomal,73,0.0010458669334133988
ischemia,107,0.0010449691875249478
parkinson,141,0.0010440563536927672
eligible,233,0.0010432737732889662
migration,108,0.0010429590664216783
pose,189,0.0010428030294502473
cervical,76,0.0010417725837798732
take,179,0.0010416989912416118
ensure,191,0.001040613276808387
virus,111,0.0010381535961645231
environment,143,0.0010380459021581449
echocardiography,119,0.001037927463664514
awareness,136,0.0010375457351808706
session,136,0.0010365479055794169
electronic,186,0.0010363018038375199
occurrence,168,0.0010361762982969156
direction,178,0.0010337893367531527
transfer,115,0.0010322147031768946
free,146,0.001031959354405001
depressive,102,0.0010315424663069784
document,180,0.001031469095778153
etiology,143,0.0010314374040116985
item,156,0.001030964109959944
society,150,0.0010294763028055466
adaptation,124,0.0010292754048363505
pair,156,0.0010282415397998973
serious,170,0.0010281431434741506
hemoglobin,135,0.0010266632603309462
pivotal,178,0.001025895428575976
project,127,0.0010258033990955173
fetal,76,0.0010250283519005923
embase,259,0.0010224476638156662
uncover,122,0.0010221326534854541
excellent,168,0.0010220647694549954
online,170,0.0010217928657566152
recruit,218,0.0010216689671035013
mediation,113,0.0010204969347511648
architecture,149,0.0010194866700284201
adolescent,77,0.001018944597477342
agreement,116,0.0010188722945155507
reprogram,119,0.0010181871581883251
outpatient,126,0.0010173028741410413
chain,168,0.001016910847408437
realtime,151,0.0010154053415583949
microbiome,71,0.0010138838720872966
ocular,83,0.0010131991156824968
emotional,115,0.0010085964422228966
engagement,149,0.0010079463644818735
anatomical,137,0.0010078896222199217
transport,124,0.0010072041320265922
ultimately,177,0.0010060913603374619
overcome,165,0.0010056176970848316
dyslipidemia,107,0.0010052023391877967
discrimination,164,0.0010044849638247515
vein,103,0.0010037630017624174
ameliorate,155,0.0010035298085767025
foundation,184,0.0010024917099278599
physician,106,0.0010015409115303347
successfully,159,0.0010007603707448637
explain,161,0.0010006387658403704
prompt,140,0.0010000351213171864
artificial,164,9.99272383104221e-4
force,86,9.98489513889665e-4
gender,133,9.983335888541596e-4
tnfα,112,9.974326015101957e-4
mrs,83,9.94665465480638e-4
participate,172,9.937662974940967e-4
minimal,176,9.931609039496203e-4
asian,88,9.929480979433867e-4
rescue,109,9.917044670485389e-4
since,159,9.913862443155519e-4
eight,184,9.90788286967127e-4
pronounce,183,9.904423089037318e-4
defect,101,9.89309481191351e-4
consequence,160,9.855546142021924e-4
perfusion,86,9.84793835917942e-4
question,135,9.846303250956104e-4
sodium,75,9.844476256150284e-4
cumulative,139,9.841972369295628e-4
recipient,75,9.838635518482604e-4
receiver,220,9.834726965678349e-4
tract,117,9.809359590789496e-4
category,169,9.803698967245237e-4
joint,114,9.791037017572563e-4
invasion,80,9.769198155844174e-4
outline,162,9.755552541948697e-4
stay,148,9.75317479983819e-4
lateral,146,9.745391819193569e-4
methodological,168,9.742638347491674e-4
mgkg,101,9.739929288657747e-4
american,135,9.722263863091512e-4
intravenous,145,9.717491463908757e-4
net,111,9.717267425424708e-4
categorize,205,9.699156182588066e-4
suppression,137,9.69397955687452e-4
expansion,91,9.677651230010499e-4
viability,115,9.664121770606621e-4
propensity,157,9.66376547911952e-4
qualitative,162,9.6557639822426e-4
resolve,145,9.65181460071022e-4
intensive,139,9.648223341548908e-4
consensus,121,9.632221244629509e-4
cochrane,205,9.618044089222789e-4
seven,176,9.615283666105185e-4
dissection,91,9.613532875283048e-4
supplementation,105,9.613528882079352e-4
imbalance,149,9.599551964647479e-4
sensory,90,9.59552691101365e-4
reconstruction,92,9.589910999477874e-4
circulate,135,9.581284200027925e-4
posterior,121,9.571453460797036e-4
gastric,66,9.569456209559382e-4
neuropsychiatric,112,9.565845447142258e-4
aspect,134,9.56517340219364e-4
validity,94,9.551700893656402e-4
radiotherapy,90,9.54883047009779e-4
suspect,120,9.548798823420356e-4
wall,94,9.545984098911441e-4
consumption,103,9.542758818948779e-4
closely,176,9.535396485120124e-4
percentage,134,9.533814411077183e-4
sensor,80,9.522403740081118e-4
protect,144,9.518499838986573e-4
rapidly,147,9.512891344518823e-4
optimization,155,9.507016510097505e-4
psychosocial,108,9.501229729633738e-4
mainly,184,9.490837821848913e-4
depend,164,9.485571287945915e-4
final,174,9.482591206782185e-4
persist,178,9.47974070213515e-4
locus,81,9.474496369296674e-4
divide,198,9.465562312294651e-4
replacement,135,9.440293915413331e-4
partially,153,9.43913588334755e-4
consecutive,188,9.42212002959749e-4
complement,113,9.421622128423109e-4
upregulation,149,9.420931228339852e-4
downstream,145,9.417393624124995e-4
socioeconomic,124,9.411482986762602e-4
add,139,9.411035319627168e-4
see,153,9.396272462990751e-4
potent,130,9.394429746055245e-4
proteomic,102,9.388255194588719e-4
home,111,9.379993084140546e-4
hippocampus,105,9.375554778538942e-4
allele,80,9.374803817809018e-4
inpatient,114,9.350428097179498e-4
coordinate,150,9.327942174644751e-4
rcts,95,9.309557087174948e-4
tyrosine,108,9.30306403925634e-4
adaptive,129,9.296870041542416e-4
hyperglycemia,86,9.295914348060323e-4
anemia,67,9.279954676693434e-4
fluorescence,83,9.26729049838757e-4
black,102,9.267265193555112e-4
goal,141,9.25389878548141e-4
methylation,65,9.246013234267087e-4
speed,92,9.226677100580517e-4
importantly,165,9.222910521776758e-4
developmental,111,9.210855864257045e-4
ongoing,167,9.18822060041787e-4
interpret,192,9.186827216482279e-4
excessive,121,9.147046002012245e-4
paradigm,140,9.14091502149421e-4
refer,130,9.137883418565717e-4
background,159,9.130709285330125e-4
utilization,114,9.113058160768668e-4
complementary,162,9.109700272879058e-4
intermediate,108,9.090390684260956e-4
tertiary,168,9.076897153874196e-4
descriptive,175,9.075385004673217e-4
transplant,74,9.060294468108872e-4
endovascular,102,9.058180394320079e-4
nomogram,67,9.044395131944785e-4
minute,111,9.043234482100756e-4
department,153,9.039650811332836e-4
interpretation,148,9.035643575499915e-4
cascade,114,9.029578038082387e-4
edema,97,9.027503501537544e-4
substantially,184,9.026003140143735e-4
cutoff,111,9.015643131202916e-4
participation,83,9.015579856939468e-4
register,178,8.985681759684519e-4
evolve,140,8.983941180710737e-4
assign,178,8.98094222556913e-4
probe,81,8.977804970939802e-4
unite,149,8.969982444165982e-4
infiltration,114,8.969223096022994e-4
arm,93,8.961526112130093e-4
antihypertensive,93,8.937682356251642e-4
secretion,97,8.932506689939758e-4
upon,129,8.931550520560867e-4
arise,142,8.921568334419207e-4
diameter,91,8.917321623995513e-4
amyloidβ,130,8.917320658828092e-4
decade,136,8.902728392386378e-4
start,122,8.901864539489183e-4
nutrition,129,8.901809183301492e-4
rural,76,8.888761930579403e-4
theoretical,125,8.887565550703762e-4
consideration,158,8.865505037424608e-4
million,126,8.864991188131348e-4
antitumor,89,8.864264339515287e-4
outperform,151,8.862955266735609e-4
absolute,153,8.862163980518967e-4
random,151,8.861235993571524e-4
efficient,125,8.857031345182243e-4
middle,145,8.855996784483743e-4
episode,91,8.853886323026221e-4
generally,163,8.852408610313623e-4
derivative,93,8.846291640014131e-4
expert,116,8.846218502113537e-4
scopus,199,8.82730526616515e-4
rely,144,8.825971270801221e-4
colorectal,100,8.821342253425339e-4
basal,86,8.811882134989437e-4
effort,148,8.809618507925137e-4
cytotoxicity,91,8.790368911895289e-4
perception,112,8.785859131085773e-4
may,140,8.784603944965532e-4
person,96,8.78110295118725e-4
head,94,8.770628341502186e-4
manner,139,8.763379499319141e-4
lipoprotein,109,8.752738733534313e-4
residual,131,8.750692893074055e-4
temperature,66,8.74869551206491e-4
raise,145,8.742154248284775e-4
feasible,155,8.720622634709683e-4
guidance,133,8.714119004393535e-4
neck,76,8.713130384573342e-4
childhood,73,8.710221374925996e-4
member,110,8.706343350082349e-4
cardiomyopathy,90,8.695177209191063e-4
aid,119,8.692859583679949e-4
diseasemodifying,134,8.69101063943268e-4
resilience,82,8.689948691893314e-4
seek,159,8.676118661323014e-4
post,109,8.668480836462309e-4
neuroinflammatory,121,8.664037713387784e-4
refine,165,8.658081233615311e-4
formulation,103,8.65609364464665e-4
microscopy,116,8.653641054506253e-4
organization,142,8.62764697183887e-4
polarization,76,8.621370765683189e-4
generation,111,8.621193002361476e-4
aggressive,122,8.620824761807536e-4
depletion,106,8.612566025953175e-4
simple,130,8.607439604964149e-4
morphology,117,8.593722770652645e-4
intensity,113,8.589485114181694e-4
full,147,8.58744485464138e-4
tolerance,101,8.5820183066162e-4
probability,141,8.578269972792125e-4
provider,94,8.574220283450299e-4
prescribe,95,8.570654743962265e-4
nature,153,8.56819332829279e-4
prostate,67,8.567752369131096e-4
problem,132,8.566355753480766e-4
hypothesis,130,8.56336614717303e-4
fusion,88,8.558398892882436e-4
calibration,103,8.547550668642621e-4
rhythm,69,8.518154039173021e-4
sensitive,133,8.51521432154932e-4
advantage,145,8.508592810842299e-4
anticoagulation,69,8.500770422364372e-4
success,105,8.486228028359179e-4
wide,143,8.47074041771321e-4
prioritize,150,8.468759538577474e-4
coefficient,133,8.467073265317178e-4
layer,102,8.465424502366904e-4
tcell,65,8.462709089546135e-4
diastolic,122,8.460847394114257e-4
obstructive,137,8.458004058558992e-4
lower,120,8.437348612391315e-4
newly,114,8.436820844785929e-4
widespread,140,8.424968871005967e-4
randomly,187,8.423172257887608e-4
chemical,110,8.414626775785229e-4
nihss,69,8.411958595947939e-4
endogenous,103,8.402578107813311e-4
therapeutics,105,8.395279733100746e-4
idiopathic,96,8.389440132417342e-4
comparative,163,8.388244225893107e-4
histopathological,111,8.384562489940904e-4
mgdl,75,8.378805731299598e-4
insufficient,141,8.371611109082794e-4
spontaneous,95,8.367163695316965e-4
modest,162,8.364730050013918e-4
phosphorylate,120,8.360653483686634e-4
meaningful,153,8.35456772860377e-4
velocity,91,8.346884387547563e-4
indication,123,8.338450123467025e-4
infectious,98,8.334996256534965e-4
substrate,78,8.334908175848697e-4
intelligence,139,8.333033654019227e-4
thickness,88,8.326681713353813e-4
immunity,91,8.32403264538546e-4
consist,148,8.318384871318048e-4
remission,63,8.318177002317367e-4
incompletely,155,8.31685612571825e-4
annual,110,8.316224821914041e-4
localize,108,8.309996138768904e-4
beneficial,140,8.309151144778138e-4
march,127,8.293557596798638e-4
nfκb,87,8.281775706001622e-4
induction,107,8.279259807038442e-4
enhancement,116,8.27553983152839e-4
correction,105,8.273158053836619e-4
wildtype,112,8.272223972680048e-4
preliminary,144,8.271952526571231e-4
encode,108,8.267715467123132e-4
nigra,106,8.267044977759836e-4
substantia,106,8.267044977759836e-4
expect,140,8.260926614642135e-4
landscape,130,8.253330795795347e-4
segment,105,8.24571912167823e-4
concept,120,8.218604065476017e-4
last,136,8.218067913196065e-4
hybrid,94,8.203217338042798e-4
elevation,105,8.196638793235288e-4
illustrate,125,8.191925477306535e-4
lewy,90,8.184758044656983e-4
solution,132,8.174800819383546e-4
pathophysiological,123,8.167395699393345e-4
overview,120,8.165033627387833e-4
moca,63,8.160105081634649e-4
expose,122,8.155208918522234e-4
extent,123,8.152561705993867e-4
correspond,146,8.148771966880267e-4
space,103,8.143388646712901e-4
statistic,147,8.141001615075919e-4
ejection,122,8.138068676524558e-4
knockout,87,8.13161962317142e-4
polymorphism,64,8.130765064978299e-4
initially,126,8.128592942241915e-4
affinity,95,8.119248347200665e-4
covariate,153,8.112133244659513e-4
singlecenter,153,8.107421007384402e-4
june,155,8.105778545089207e-4
selfreported,123,8.103161941466875e-4
reserve,86,8.09847067370775e-4
checkpoint,94,8.096631805817748e-4
coordination,89,8.092158265280945e-4
infant,64,8.086912265284346e-4
referral,89,8.083700232727995e-4
degree,107,8.077471415480875e-4
avoid,125,8.070567723273524e-4
output,115,8.068862189028023e-4
difficulty,106,8.06558150932088e-4
bridge,127,8.060589668473472e-4
infusion,72,8.058637640242659e-4
trait,81,8.041887281923357e-4
uncertain,158,8.035883039126488e-4
workflow,113,8.034349273526908e-4
ilβ,90,8.032776218157341e-4
leverage,136,8.030095315605579e-4
interact,133,8.024508356979764e-4
initiative,142,8.023360228553386e-4
mimic,108,8.021725598476963e-4
transmission,100,8.007048542147624e-4
levodopa,63,8.005531947884714e-4
preventive,119,8.00355359250853e-4
bioactive,101,7.996853173041942e-4
location,115,7.996030836384544e-4
diversity,89,7.966354237574503e-4
emphasis,142,7.96196297800465e-4
nonlinear,104,7.959756431759745e-4
encompass,157,7.953607675098235e-4
frontal,90,7.947143598286875e-4
synergistic,124,7.941703132217938e-4
precursor,91,7.936912325074281e-4
histological,107,7.924646623384485e-4
build,130,7.922149852212057e-4
september,150,7.914720198146833e-4
ganglion,76,7.895049570604596e-4
characterization,127,7.892593362697727e-4
skeletal,72,7.885839784751797e-4
wellbeing,88,7.883207920531735e-4
technical,113,7.881299031156859e-4
maximum,102,7.876118557549439e-4
date,132,7.872583474617064e-4
coverage,85,7.870643669106119e-4
dominant,110,7.857008917103007e-4
panel,94,7.831549481980654e-4
conversely,127,7.8312640167708e-4
executive,92,7.82622852421992e-4
sociodemographic,100,7.815829669178188e-4
definition,99,7.811884770631712e-4
immunofluorescence,127,7.807358374386708e-4
demographics,149,7.800539731313643e-4
collaboration,110,7.787391813406329e-4
strengthen,145,7.784195453933076e-4
few,140,7.777492384016435e-4
necrosis,103,7.761138707850083e-4
confer,133,7.760671939884006e-4
relatively,130,7.75362535730888e-4
percutaneous,101,7.75160015787371e-4
parallel,136,7.750041955108635e-4
instability,113,7.744244833097724e-4
epithelial,76,7.730808773836347e-4
largescale,133,7.719288356054186e-4
trauma,73,7.718478646792728e-4
benign,67,7.715248153982844e-4
electrical,83,7.687224119437016e-4
contact,80,7.675037949158511e-4
must,111,7.663066422148795e-4
atypical,90,7.661681532634523e-4
library,156,7.657718935458774e-4
host,72,7.655869500421339e-4
radiation,66,7.653077757030366e-4
focal,86,7.652484084526822e-4
closure,67,7.639745643529275e-4
track,100,7.614452291366899e-4
analytic,110,7.607837111701021e-4
shock,76,7.606751900040865e-4
kaplanmeier,123,7.598771092161106e-4
minimally,99,7.594440412410691e-4
earlystage,98,7.593377851494866e-4
note,112,7.592547737484877e-4
thrombectomy,80,7.565307879771133e-4
antibiotic,72,7.558628169569351e-4
atherosclerotic,100,7.558552949256691e-4
congenital,78,7.558529316060191e-4
subjective,95,7.558518604083434e-4
illness,92,7.554986362824526e-4
deletion,73,7.534671665063372e-4
fibroblast,69,7.527027374610213e-4
representation,82,7.507615303204031e-4
now,111,7.505231407754806e-4
gradient,107,7.496452034431622e-4
wave,71,7.495116507346822e-4
priority,97,7.485961685286133e-4
hospitalize,86,7.481718114562141e-4
element,98,7.481589530512466e-4
spectroscopy,94,7.4745517800072e-4
acquire,104,7.472334019946508e-4
retinopathy,77,7.469296535855809e-4
admit,115,7.462461584083149e-4
differentially,113,7.453717343968079e-4
cerebellar,64,7.45285334849779e-4
hold,123,7.446967832164618e-4
compromise,129,7.439328194374593e-4
inflammasome,66,7.415643981312842e-4
endocrine,77,7.405093689128484e-4
adipose,69,7.40030928570387e-4
update,92,7.396188907446684e-4
ischaemic,76,7.391610379258108e-4
availability,104,7.391140676248568e-4
accessible,116,7.377805466100894e-4
neuroprotection,91,7.377722994596108e-4
modulator,101,7.372436089466097e-4
certain,117,7.356835155012683e-4
procedural,96,7.350309837706717e-4
innovative,105,7.340192716190536e-4
bacterial,83,7.338293248391345e-4
fundamental,115,7.330188655350236e-4
nephropathy,67,7.325957603265816e-4
genomewide,90,7.322099311751881e-4
likelihood,103,7.313789344995785e-4
pneumonia,63,7.310742910659363e-4
ion,66,7.307257657755469e-4
cis,114,7.305557348012632e-4
endoscopic,64,7.303989381170926e-4
modifiable,109,7.288945819384522e-4
evidencebased,125,7.287211547509319e-4
financial,72,7.28118348186585e-4
die,108,7.280014544398486e-4
chest,76,7.276944883530483e-4
multiomics,97,7.275345859187798e-4
hypotension,67,7.266550596884392e-4
close,121,7.262792591618074e-4
cognitively,109,7.257738497280468e-4
refractory,80,7.25761989459536e-4
asymptomatic,94,7.255158715134901e-4
intraoperative,73,7.253594407920654e-4
stabilize,95,7.251747575941478e-4
pregnant,68,7.250938125978664e-4
error,97,7.240344731642747e-4
regeneration,63,7.235599875863513e-4
bypass,86,7.229129269024174e-4
scaffold,73,7.220585733202395e-4
emission,103,7.218493242358488e-4
isolation,77,7.216569007146904e-4
mobility,72,7.215142936798253e-4
implantation,73,7.214421430607326e-4
nine,120,7.211002016720514e-4
circulation,94,7.195544350401642e-4
necessary,124,7.194376905042152e-4
dysregulated,104,7.190399406129483e-4
team,104,7.187420002620218e-4
abundance,83,7.177221412725004e-4
sexspecific,79,7.170785685512841e-4
scalable,125,7.167892758842549e-4
ten,114,7.165680375689516e-4
scientific,111,7.144323942889844e-4
hemorrhagic,77,7.140063358478432e-4
fiber,80,7.138420818963205e-4
past,108,7.138336698077541e-4
accumulate,110,7.137643306827131e-4
immunohistochemistry,101,7.129263921673986e-4
fragment,79,7.129222595286163e-4
interplay,122,7.128139565316073e-4
exceed,126,7.127852780023096e-4
clinicaltrialsgov,160,7.120418760201582e-4
collection,119,7.118502572161022e-4
simultaneously,110,7.117255324291665e-4
relapse,71,7.110721797949177e-4
reperfusion,71,7.108098099355464e-4
peroxidation,76,7.106916278074839e-4
vulnerable,118,7.103598021970739e-4
angiogenesis,72,7.093773214890283e-4
pathogen,74,7.092214929318671e-4
useful,111,7.088249345279596e-4
amplitude,64,7.088009805035884e-4
throughout,120,7.087945096995121e-4
glomerular,109,7.078910130698725e-4
caspase,63,7.073644908121861e-4
neuropsychological,85,7.068762994168334e-4
place,103,7.066834490738642e-4
adequate,92,7.056059540867725e-4
anticancer,67,7.043409803291706e-4
spectrometry,104,7.041853314970948e-4
robustness,128,7.041204734478827e-4
adopt,104,7.039646057163119e-4
reason,89,7.032052774309739e-4
april,127,7.025716123490992e-4
urgent,117,7.022029324681064e-4
lifethreatening,92,6.980004545913341e-4
herein,82,6.975530188189255e-4
european,90,6.973676034940633e-4
february,123,6.966507072506073e-4
thromboembolic,64,6.965467487152664e-4
amino,85,6.961010041172449e-4
alpha,67,6.954856006602236e-4
fluctuation,78,6.951767809877926e-4
original,80,6.950871403010537e-4
neutrophil,63,6.949263809491179e-4
majority,112,6.937721085549834e-4
randomise,97,6.934567591688672e-4
researcher,100,6.934520672612353e-4
biobank,99,6.933454838556545e-4
summary,112,6.924877637944193e-4
hub,84,6.920015527571682e-4
align,122,6.916119663152057e-4
feedback,86,6.915423515700348e-4
extraction,110,6.911301517276724e-4
july,128,6.903200112424737e-4
theme,84,6.89369067722034e-4
minimize,104,6.889013589122256e-4
univariate,113,6.881556310968406e-4
quartile,64,6.877828197863685e-4
purpose,114,6.877637338929625e-4
medium,100,6.873468132162417e-4
counsel,89,6.867497231695762e-4
quantification,97,6.863007037331469e-4
permeability,77,6.86251185371465e-4
interface,89,6.860074302985265e-4
maintenance,103,6.850768480294512e-4
revascularization,67,6.846193238323864e-4
advancement,103,6.843458757076355e-4
whole,92,6.836019776883574e-4
input,86,6.83217284330071e-4
connection,85,6.830761733815584e-4
scope,93,6.826592908417084e-4
murine,82,6.822146683165177e-4
preexist,82,6.817100163286228e-4
multitarget,89,6.816992391379949e-4
discussion,84,6.815251537657193e-4
inverse,106,6.812354270203778e-4
module,82,6.810654252365081e-4
globally,110,6.808245085843883e-4
automate,88,6.800977004927745e-4
window,108,6.800606345792888e-4
collagen,63,6.799250649405789e-4
nearly,114,6.792582158157093e-4
origin,75,6.792073439323603e-4
inconsistent,131,6.789270039556958e-4
vision,74,6.784898384698359e-4
view,99,6.783976355875906e-4
downregulation,93,6.781611289183182e-4
traumatic,93,6.780918417745207e-4
hand,74,6.769546226617376e-4
corticosteroid,71,6.760658482755691e-4
economic,81,6.749401559727427e-4
capability,104,6.74681246400192e-4
notable,108,6.745892138244028e-4
selectivity,74,6.740170398770814e-4
vector,88,6.735642042169243e-4
redox,63,6.731052199136449e-4
transcranial,83,6.730083896340242e-4
unify,112,6.729392475632417e-4
phenotypic,93,6.725236798430757e-4
around,101,6.724618502617861e-4
populationbased,114,6.723420778418985e-4
indirect,86,6.717466928758719e-4
epidemiological,98,6.713676573120874e-4
morphological,73,6.711424637156477e-4
pilot,90,6.705714612835454e-4
classical,86,6.704937477768864e-4
normalize,101,6.701346230773091e-4
miss,104,6.700529152389578e-4
generalize,103,6.699682662656066e-4
selectively,91,6.696623034371253e-4
native,71,6.69550375030821e-4
virtual,67,6.695174365902594e-4
label,80,6.692989936315511e-4
neuromodulation,74,6.687448704581228e-4
arrest,77,6.677634042706726e-4
diagnostics,88,6.6774250366521e-4
recruitment,84,6.672521085132274e-4
interleukin,93,6.662505673962061e-4
similarly,119,6.656725895962426e-4
approve,100,6.646971294050161e-4
demand,86,6.645917182504029e-4
definitive,100,6.633068513283831e-4
educational,94,6.623457726058622e-4
prescription,76,6.62148075682934e-4
centre,98,6.613791921047168e-4
adenocarcinoma,75,6.607411273428521e-4
aberrant,93,6.60283530432484e-4
concurrent,90,6.597170675636112e-4
metaanalyses,127,6.594417733337039e-4
confounder,106,6.579960516841095e-4
pcr,82,6.578948382414057e-4
albumin,64,6.578393825700473e-4
confound,105,6.57542115326758e-4
order,98,6.568841911782182e-4
pharmacology,76,6.566415071973186e-4
methodology,111,6.562168311827073e-4
root,70,6.561511796737491e-4
race,78,6.55951627167731e-4
proteomics,77,6.553042183168251e-4
alzheimer,82,6.537511256086788e-4
creatinine,81,6.53601438642545e-4
attribute,96,6.535271284933849e-4
electron,76,6.532964077582026e-4
discontinuation,76,6.525888661637837e-4
anticoagulant,72,6.518976194886979e-4
transgenic,77,6.515813825909894e-4
acceptable,104,6.512621550597057e-4
numerous,98,6.502433468104018e-4
distance,65,6.500364289331878e-4
mitochondrion,69,6.491146964520433e-4
variance,109,6.490814186382776e-4
deterioration,101,6.48956060352119e-4
careful,96,6.486899153810276e-4
sense,70,6.485786221978087e-4
diseasespecific,93,6.483117890378995e-4
subcutaneous,72,6.459877210431602e-4
metabolomics,70,6.450989486380588e-4
hypothesize,110,6.436515307374052e-4
facility,64,6.43092647750879e-4
discover,85,6.427276117911989e-4
translate,102,6.425837474390479e-4
skill,67,6.42540067998926e-4
distal,74,6.419394409183275e-4
junction,69,6.417005292886836e-4
pulse,69,6.416441346128946e-4
scenario,81,6.414550425738566e-4
preparation,74,6.411118078182717e-4
institution,91,6.408439171061836e-4
avenue,101,6.391125546895052e-4
accurately,101,6.380888946620548e-4
difficult,90,6.379417633538807e-4
estimation,85,6.370316248633633e-4
biologically,95,6.369521789427961e-4
exploration,94,6.361176484344949e-4
randomization,98,6.358891804405041e-4
independence,75,6.343118166946408e-4
immediate,87,6.336851981880676e-4
conversion,63,6.334812075601327e-4
retain,87,6.327470254692089e-4
pharmacokinetic,74,6.324010767263219e-4
rank,86,6.32197317092647e-4
oncology,75,6.311337954464819e-4
transform,94,6.304488941048172e-4
amplify,95,6.299392402604403e-4
antagonist,86,6.282172358720164e-4
triglyceride,81,6.270899638498988e-4
bidirectional,85,6.259251556843923e-4
hinder,96,6.255483498419495e-4
medline,130,6.253894572136061e-4
evolution,88,6.25157291595358e-4
engage,100,6.245663239356135e-4
ethnicity,71,6.238944528843397e-4
deviation,95,6.230547749421052e-4
consequently,93,6.225201804638923e-4
accessibility,87,6.224420148584861e-4
fit,91,6.22249516215707e-4
rest,76,6.218132159301338e-4
diffusion,68,6.217842160038645e-4
removal,74,6.212066744223876e-4
delineate,102,6.208256427770691e-4
concomitant,77,6.2078472633895e-4
highresolution,90,6.206184159970403e-4
principal,101,6.202150531979251e-4
institute,118,6.201150623700282e-4
registration,83,6.199687002971842e-4
constitute,93,6.199508872583239e-4
intrinsic,81,6.178392516725846e-4
crosstalk,79,6.169756114854171e-4
bowel,65,6.162863071899232e-4
monoclonal,66,6.160749249631735e-4
spline,94,6.157363967842986e-4
uncommon,79,6.141862152626713e-4
bayesian,71,6.132126101799621e-4
cover,101,6.130637345278735e-4
smooth,71,6.124257178847254e-4
untreated,67,6.115302276589502e-4
relation,91,6.09491910637124e-4
attack,84,6.093201739646373e-4
apolipoprotein,79,6.092190885902463e-4
minor,70,6.088226367346084e-4
randomeffects,121,6.086280365219916e-4
top,78,6.083443916052228e-4
vital,90,6.081669141989743e-4
innate,73,6.073989045440409e-4
pluripotent,66,6.067743316757786e-4
proximal,70,6.060652556785878e-4
consistency,88,6.053075051152792e-4
excess,88,6.041381725632077e-4
simulate,77,6.034868912299034e-4
prisma,122,6.02470278928859e-4
synthetic,70,6.021735937431535e-4
wearable,65,6.021474619593788e-4
insurance,77,6.020962785639113e-4
instrument,80,6.020800594934053e-4
precede,90,6.016841687465772e-4
restriction,83,6.003125286682134e-4
capable,93,6.0021994201569e-4
bresultsb,120,5.993025467341915e-4
integrative,94,5.986860213549574e-4
forest,87,5.985495899380433e-4
transcriptomics,68,5.9781683429091e-4
supplementary,104,5.977295267455445e-4
postmortem,75,5.967311607272408e-4
characterise,84,5.963011346545612e-4
preference,72,5.956701017259071e-4
route,71,5.952204873626991e-4
dysbiosis,65,5.950379967621487e-4
doseresponse,66,5.948882881970837e-4
cubic,94,5.941855692759181e-4
nextgeneration,85,5.94133528379546e-4
prefer,105,5.939789040268852e-4
neurotransmitter,64,5.93752203467541e-4
localization,69,5.932703904839979e-4
basic,83,5.900517526057513e-4
amplification,63,5.88062898040723e-4
firstline,78,5.870742905793019e-4
stimulate,74,5.869151824226184e-4
whose,84,5.862286215172092e-4
blot,80,5.86089591830822e-4
autosomal,65,5.83941127695392e-4
weak,91,5.830328367562107e-4
multifactorial,88,5.82953575316537e-4
positivity,63,5.826932132742196e-4
every,93,5.818518128661531e-4
considerable,91,5.807435140733001e-4
august,110,5.806102734981006e-4
necessitate,98,5.802623688972859e-4
postoperatively,71,5.799205411412695e-4
november,103,5.797714052197948e-4
icd,68,5.795754801789984e-4
incomplete,73,5.795629077529477e-4
diffuse,72,5.795365696136348e-4
dependent,82,5.794586985509441e-4
discriminative,86,5.784854158529843e-4
verify,93,5.774440346266589e-4
residue,64,5.77201754893719e-4
manifest,76,5.765947793872502e-4
preservation,66,5.765666524686433e-4
retention,75,5.764412994569831e-4
contemporary,87,5.763920296261023e-4
optical,68,5.738400915278979e-4
cross,74,5.73608182572817e-4
mode,72,5.730474216337902e-4
fatal,66,5.727766001575194e-4
extension,68,5.724668394818639e-4
identifier,118,5.720529811983946e-4
bconclusionsb,110,5.719490508678334e-4
adapt,81,5.706000714231223e-4
genetically,74,5.703138545149765e-4
immunosuppressive,65,5.691193973313422e-4
regular,78,5.688586135625914e-4
neurovascular,66,5.680870772201742e-4
software,93,5.680718896069142e-4
crd,116,5.67696804909488e-4
interference,66,5.651656481453724e-4
additive,84,5.65059659599493e-4
choice,82,5.647202037935514e-4
casecontrol,88,5.635400879628528e-4
pre,72,5.632488279594959e-4
heighten,89,5.619788531459562e-4
elisa,89,5.61366327387818e-4
liquid,75,5.609596533129858e-4
comorbid,70,5.593857026685357e-4
gold,67,5.592945411470925e-4
bmethodsb,111,5.589612543331066e-4
boost,81,5.588135757721895e-4
red,66,5.584278408443621e-4
south,72,5.578802355176867e-4
unilateral,64,5.578113481230313e-4
filtration,95,5.577781690707452e-4
histopathology,70,5.577609749823308e-4
diminish,88,5.577280757035402e-4
nationwide,83,5.565622511977351e-4
recording,68,5.560445968619868e-4
supportive,72,5.557458091684834e-4
personal,66,5.553484987118952e-4
eliminate,72,5.541614591420191e-4
rarely,77,5.540280758636792e-4
interpretability,82,5.538685061884827e-4
neurotrophic,66,5.53750474271992e-4
draw,75,5.527791979311606e-4
blockade,70,5.52703791585898e-4
dimension,84,5.526658051881701e-4
amyotrophic,82,5.525767692357728e-4
subtle,75,5.513537204326638e-4
radiological,66,5.504060016921049e-4
unmet,64,5.497822925570041e-4
remote,63,5.494731725002987e-4
prove,90,5.488117563913461e-4
academic,75,5.467926904368762e-4
typical,72,5.45949428153227e-4
circumference,65,5.45325636245126e-4
progressionfree,67,5.451523268689677e-4
applicability,79,5.45095194820751e-4
bioavailability,76,5.438054323191012e-4
way,73,5.437297052804902e-4
mixedeffects,94,5.434198890021195e-4
weakness,63,5.426940539405523e-4
half,81,5.423422989163237e-4
innovation,76,5.42257552744111e-4
specialize,77,5.411091232165546e-4
conclude,72,5.409171223073113e-4
theory,65,5.404693515550948e-4
exclusion,96,5.403031144506819e-4
acquisition,67,5.401456027555268e-4
adjunctive,75,5.398006026427608e-4
other,83,5.381525622381313e-4
cytometry,76,5.380024767039863e-4
visualization,73,5.366133172343579e-4
prominent,75,5.365415392467108e-4
mendelian,71,5.365209564172028e-4
highquality,83,5.331782376350387e-4
sufficient,73,5.323339918091362e-4
reversible,67,5.30956451840706e-4
predominant,83,5.306492289892196e-4
towards,77,5.30644755322898e-4
tolerate,68,5.297798603722991e-4
separate,78,5.27377153304962e-4
govern,75,5.267993801758083e-4
regardless,80,5.265474119320678e-4
adoption,84,5.264039635591365e-4
sequential,72,5.253772709711747e-4
institutional,74,5.239594595143479e-4
equivalent,74,5.231872590429211e-4
thematic,80,5.223386999155706e-4
progressively,83,5.219239192181767e-4
possibility,73,5.209501237416701e-4
unexplore,75,5.198753840094381e-4
uncertainty,84,5.193081456648151e-4
calculation,67,5.191665437134131e-4
example,69,5.177689065407836e-4
conserve,64,5.175369266136171e-4
distribute,81,5.162301563290713e-4
world,92,5.133062754767594e-4
representative,80,5.124302377463616e-4
requirement,71,5.123092833255109e-4
costeffective,65,5.120063972100384e-4
begin,77,5.11575932486495e-4
creactive,82,5.088129231553526e-4
concurrently,71,5.079941964963463e-4
interpretable,64,5.078855548555271e-4
pipeline,71,5.075406377410055e-4
call,70,5.074856605895558e-4
recall,65,5.074481427077119e-4
principle,74,5.062574088594668e-4
except,84,5.056724086796145e-4
assist,67,5.053681625590373e-4
magnitude,74,5.053161687567802e-4
confirmation,76,5.04913474054439e-4
phenomenon,68,5.044994761043231e-4
reproducible,68,5.044955478838527e-4
next,71,5.011044028402595e-4
turn,69,5.009963399377125e-4
functionally,63,5.009715181505742e-4
positron,67,5.004138952610065e-4
inversely,68,4.999114774064768e-4
postintervention,64,4.978049534261555e-4
multidimensional,77,4.97464931919411e-4
connect,68,4.974178204770319e-4
respond,70,4.952455540718844e-4
rankin,86,4.948906051086359e-4
scarce,81,4.922386979095834e-4
none,73,4.91805019752459e-4
benchmark,69,4.915236699537238e-4
multifaceted,76,4.913318836044428e-4
intracerebral,64,4.905181707749038e-4
comprehensively,74,4.874682240402232e-4
variety,63,4.8674512958623005e-4
glucagonlike,74,4.865252882767876e-4
equation,71,4.865204051233262e-4
suitable,70,4.863257751789115e-4
inception,90,4.8604939270619944e-4
concordance,64,4.860408412504579e-4
possess,64,0.00048349172468132863
span,77,0.00048319239885558335
october,87,4.830135242449511e-4
embed,67,4.828189112809254e-4
prospectively,80,4.8141034750612467e-4
dosedependent,66,4.806074047345666e-4
healthrelated,74,4.77997951678626e-4
wellestablished,65,4.7673921725909126e-4
coexist,70,4.766579465559983e-4
return,63,4.759673362935944e-4
inference,65,4.757148620653261e-4
hierarchical,65,4.72564872106655e-4
eligibility,73,4.7194323026058214e-4
interventional,63,4.6970121253882817e-4
suboptimal,73,4.692958816598087e-4
scholar,80,4.677577972009831e-4
lowdensity,66,4.674172321013046e-4
suffer,63,4.6670334594182446e-4
slightly,69,4.6355891814759044e-4
nevertheless,71,4.6119840705799946e-4
move,66,4.559648730204423e-4
exact,71,4.554722032627871e-4
betweengroup,66,4.553306399759743e-4
modern,64,4.5532124617846e-4
causality,71,4.552860166915558e-4
extreme,65,4.552441750754586e-4
google,80,4.55012524877644e-4
acidic,63,4.547924038363645e-4
inadequate,64,4.528418856349012e-4
completion,63,4.52663789671724e-4
possibly,64,4.5152103025834263e-4
constraint,68,4.512186599232326e-4
applicable,75,4.50368536092919e-4
epidemiology,66,4.449369810464484e-4
standardization,69,4.43170729059182e-4
spss,69,4.4177394494679324e-4
openlabel,67,4.416119180112326e-4
nonsignificant,76,4.398167280989263e-4
unchanged,63,4.381283252381884e-4
neither,64,4.3764961820511045e-4
predefine,73,4.3729733808701467e-4
interquartile,70,4.334072212019463e-4
underexplored,69,4.332106512784845e-4
mostly,67,4.3314911443714934e-4
prospero,84,4.3291933485043675e-4
converge,65,4.3088525954385146e-4
explanation,69,4.300977020756519e-4
restoration,63,4.2520678802300565e-4
another,66,4.241903991715638e-4
retrieve,73,4.2401922617339634e-4
encourage,68,4.1608957470900523e-4
blind,66,4.0965979971608436e-4
semistructured,65,3.9913942835694455e-4
chisquare,64,3.9368115968526523e-4
prespecified,68,3.9198569720326704e-4
generalizability,65,3.902516546500056e-4
montreal,63,3.8243494256238135e-4
insufficiently,63,3.817995272352517e-4
